{
  "adams-friendship area school district": [
    43.9653066,
    -89.8014791
  ],
  "aquinas catholic schools": [
    45.0935808,
    -87.6182613
  ],
  "argyle school district": [
    42.7012216,
    -89.8669854
  ],
  "bader hillel academy": null,
  "bader hillel high": [
    43.140365,
    -87.9340603
  ],
  "bangor school district": [
    43.8919819,
    -90.9891728
  ],
  "barron area school district": [
    45.423557,
    -91.8454099
  ],
  "belmont community school district": [
    42.7384162,
    -90.3341659
  ],
  "berlin area school district": [
    43.9684264,
    -88.9466233
  ],
  "birchwood schools": [
    45.6565578,
    -91.5557084
  ],
  "blair-taylor school district": [
    44.2911843,
    -91.208753
  ],
  "blessed savior catholic school": null,
  "brighton #1 school district": [
    44.243205,
    -88.365803
  ],
  "brillion public schools": [
    44.1735573,
    -88.0663209
  ],
  "bristol school district # 1": [
    44.960917,
    -92.703225
  ],
  "brodhead school district": [
    42.6197428,
    -89.376795
  ],
  "calumet county special education": null,
  "campbellsport school district": [
    43.5981718,
    -88.2849664
  ],
  "cassville school district": [
    42.7144408,
    -90.9907697
  ],
  "cedar grove-belgium area school district": null,
  "cesa 1": null,
  "cesa 2": null,
  "cesa 5": null,
  "cesa 7": null,
  "chetek-weyerhaeuser area school district": [
    45.309305,
    -91.6619192
  ],
  "chippewa falls area unified school district": [
    44.9371325,
    -91.3932118
  ],
  "corpus christi parish school": null,
  "d.c. everest area school district": [
    44.9391683,
    -89.6397653
  ],
  "de soto area school district": [
    43.4230306,
    -91.1990204
  ],
  "delavan-darien school district": [
    42.6309356,
    -88.6614499
  ],
  "department of health services- mendota mental health institute": null,
  "diocese of madison catholic schools": [
    43.0514334,
    -89.5229716
  ],
  "diocese of superior": [
    45.3103081,
    -90.1977969
  ],
  "dover #1 kansasville": null,
  "downtown montessori academy": [
    42.9985182,
    -87.9038278
  ],
  "drummond area school district": [
    46.3368945,
    -91.2579668
  ],
  "east troy community school district": [
    42.7851871,
    -88.4054374
  ],
  "elmbrook schools": [
    43.0227593,
    -88.1684094
  ],
  "fennimore community school district": [
    42.9836218,
    -90.6555931
  ],
  "geneva joint 4 - woods school": null,
  "gibraltar": [
    45.1783678,
    -87.3025229
  ],
  "glendale-river hills school district": null,
  "granton area schools": [
    44.5872517,
    -90.4624637
  ],
  "hayward community schools": [
    46.0129676,
    -91.4848728
  ],
  "heritage christian schools": [
    43.018643,
    -88.0476792
  ],
  "hmong american peace academy": [
    43.1024482,
    -88.0185826
  ],
  "holy hill area school district": [
    43.2444487,
    -88.32704
  ],
  "hope christian schools": [
    43.1786458,
    -88.0225466
  ],
  "hortonville area school district": [
    44.3350374,
    -88.639343
  ],
  "howard-suamico school district": [
    44.5842757,
    -88.0253874
  ],
  "hudson school district": [
    44.9750953,
    -92.7554671
  ],
  "iola-scandinavia school district": [
    44.5020673,
    -89.1270679
  ],
  "iowa-grant school district": [
    42.9313785,
    -90.3967571
  ],
  "ithaca public schools": [
    43.3408176,
    -90.2817921
  ],
  "johnson creek school district": [
    43.0700694,
    -88.7859681
  ],
  "kaukauna area school district": [
    44.2780432,
    -88.2720503
  ],
  "kewaunee school district": [
    44.521282,
    -87.6301086
  ],
  "kiel": [
    43.912493,
    -88.0356515
  ],
  "lac du flambeau #1": [
    45.9702769,
    -89.8928015
  ],
  "lake country classical academy": null,
  "lake country school district": [
    43.1029333,
    -88.354607
  ],
  "lakeland uhs district": null,
  "luxemburg-casco school district": [
    44.548052,
    -87.7056351
  ],
  "manitowoc public school district": [
    44.0998341,
    -87.827992
  ],
  "maple dale-indian hill school district": null,
  "marathon county special education": [
    44.9314487,
    -89.6370141
  ],
  "marinette school district": [
    45.3834983,
    -88.0409574
  ],
  "markesan": [
    43.7073195,
    -88.9900685
  ],
  "marquette university high school": [
    43.0379584,
    -87.9558448
  ],
  "medford area public school district": [
    45.1391437,
    -90.3460806
  ],
  "menasha joint school district": [
    44.2022293,
    -88.4465361
  ],
  "mequon-thiensville school district": [
    43.2396327,
    -87.9859619
  ],
  "merton community school district": [
    43.1541501,
    -88.3695085
  ],
  "mmsd:capital high": [
    43.0690022,
    -89.439327
  ],
  "mmsd:crestwood": [
    43.0763026,
    -89.4820007
  ],
  "mmsd:franklin": [
    43.0554226,
    -89.3876581
  ],
  "mmsd:gompers": [
    43.1467126,
    -89.3697456
  ],
  "mmsd:henderson": [
    43.057534,
    -89.3120861
  ],
  "mmsd:innovative high": null,
  "mmsd:la follette": [
    43.0641796,
    -89.3199528
  ],
  "mmsd:lapham": [
    43.0854961,
    -89.3720388
  ],
  "mmsd:lindbergh": [
    43.1434361,
    -89.3892471
  ],
  "mmsd:memorial": [
    43.0639225,
    -89.5010366
  ],
  "mmsd:mendota": [
    43.1370862,
    -89.3848164
  ],
  "mmsd:midvale": [
    43.0573476,
    -89.4501056
  ],
  "mmsd:nuestro mundo": null,
  "mmsd:o'keeffe": [
    43.0858389,
    -89.3579845
  ],
  "mmsd:orchard ridge": [
    43.0333441,
    -89.4746197
  ],
  "mmsd:schenk": [
    43.092265,
    -89.3247882
  ],
  "mmsd:sennett": null,
  "mmsd:west": [
    43.0686283,
    -89.4271064
  ],
  "mmsd:west high": [
    43.0686283,
    -89.4271064
  ],
  "mmsd:whitehorse": null,
  "mukwonago area school district": [
    42.8666803,
    -88.3334274
  ],
  "muskego-norway school district": [
    42.8451651,
    -88.1340107
  ],
  "national heritage academies": null,
  "nativity jesuit academy": null,
  "necedah area school district": [
    44.0254284,
    -90.07213
  ],
  "neenah joint school district": [
    44.1837802,
    -88.4634176
  ],
  "nekoosa school district": [
    44.3154564,
    -89.8918206
  ],
  "north wisconsin district lcms": null,
  "oak creek-franklin joint school district": [
    42.9054721,
    -87.9265921
  ],
  "oconomowoc area school district": [
    43.1116731,
    -88.4992659
  ],
  "oconto falls public schools": [
    44.8747779,
    -88.1432681
  ],
  "osceola school district": [
    45.310284,
    -92.6814452
  ],
  "palmyra-eagle area school district": [
    42.8740009,
    -88.5928511
  ],
  "pathways high": [
    43.0529695,
    -87.9153682
  ],
  "plymouth joint school district": [
    43.7486054,
    -87.977038
  ],
  "port washington-saukville school district": null,
  "randall consolidated joint district #1": null,
  "rice lake area school district": [
    45.5027926,
    -91.733423
  ],
  "richland school district": [
    43.3662526,
    -90.4557081
  ],
  "ripon area school district": [
    43.8442406,
    -88.8387158
  ],
  "river valley school district": [
    43.0298809,
    -87.9201256
  ],
  "rural virtual academy": null,
  "school district of abbotsford": [
    44.9471087,
    -90.3194786
  ],
  "school district of alma center": [
    44.4371047,
    -90.9126506
  ],
  "school district of altoona": [
    44.8046825,
    -91.4429355
  ],
  "school district of ashland": [
    46.2062319,
    -90.6802594
  ],
  "school district of athens": [
    45.0349745,
    -90.0738874
  ],
  "school district of black hawk": [
    43.269156,
    -89.927346
  ],
  "school district of black river falls": [
    44.2952152,
    -90.8484137
  ],
  "school district of bonduel": [
    44.7399556,
    -88.4461285
  ],
  "school district of brown deer": [
    43.1744352,
    -87.972722
  ],
  "school district of clear lake": [
    45.2514424,
    -92.2702808
  ],
  "school district of cudahy": [
    42.959738,
    -87.861471
  ],
  "school district of denmark": [
    44.3479362,
    -87.8269868
  ],