{
  "21st century preparatory school": [
    42.728657,
    -87.7953505
  ],
  "adams-friendship area school district": [
    43.9653066,
    -89.8014791
  ],
  "aquinas catholic schools": [
    45.0935808,
    -87.6182613
  ],
  "argyle school district": [
    42.7012216,
    -89.8669854
  ],
  "arrowhead union high school": null,
  "ashwaubenon school district": [
    44.4752606,
    -88.060735
  ],
  "augusta area school district": [
    44.6798428,
    -91.1208384
  ],
  "bader hillel academy": null,
  "bangor school district": [
    43.8919819,
    -90.9891728
  ],
  "barron area school district": [
    45.423557,
    -91.8454099
  ],
  "berlin area school district": [
    43.9684264,
    -88.9466233
  ],
  "big foot area schools": [
    42.5510515,
    -88.5739338
  ],
  "birchwood schools": [
    45.6565578,
    -91.5557084
  ],
  "blessed savior catholic school": null,
  "brighton #1 school district": [
    44.243206,
    -88.365804
  ],
  "bristol school district # 1": [
    44.960917,
    -92.703225
  ],
  "calumet county special education": null,
  "campbellsport school district": [
    43.5981718,
    -88.2849664
  ],
  "cashton school district": [
    43.7430214,
    -90.7788501
  ],
  "cassville school district": [
    42.7144408,
    -90.9907697
  ],
  "cedar grove-belgium area school district": null,
  "cedarburg school district": [
    43.2966545,
    -87.9875348
  ],
  "cesa 1": null,
  "cesa 10": [
    44.9168142,
    -91.3971449
  ],
  "cesa 2": null,
  "cesa 5": null,
  "cesa 6": null,
  "cesa 7": null,
  "chetek-weyerhaeuser area school district": [
    45.309305,
    -91.6619192
  ],
  "colby school district": [
    44.9099665,
    -90.3156911
  ],
  "cornell school district": [
    45.1671881,
    -91.1493107
  ],
  "corpus christi parish school": null,
  "d.c. everest area school district": [
    44.9391683,
    -89.6397653
  ],
  "de soto area school district": [
    43.4230306,
    -91.1990204
  ],
  "delavan-darien school district": [
    42.6309356,
    -88.6614499
  ],
  "diocese of madison catholic schools": [
    43.0514334,
    -89.5229716
  ],
  "diocese of superior": [
    45.3103081,
    -90.1977969
  ],
  "divine mercy catholic school": [
    42.9290586,
    -87.8554529
  ],
  "dodgeland school district": [
    43.4025756,
    -88.7162216
  ],
  "dover #1 kansasville": null,
  "downtown montessori academy": [
    42.9985182,
    -87.9038278
  ],
  "east troy community school district": [
    42.7851871,
    -88.4054374
  ],
  "elkhart lake-glenbeulah school district": null,
  "elmbrook schools": [
    43.0227593,
    -88.1684094
  ],
  "fall river school district": [
    43.3873717,
    -89.0442238
  ],
  "fennimore community school district": [
    42.9836218,
    -90.6555931
  ],
  "fox point-bayside school district": [
    43.1760575,
    -87.9116753
  ],
  "fundamentals llc": null,
  "genesee lake school": null,
  "geneva joint 4 - woods school": null,
  "germantown school district": [
    43.2286174,
    -88.1103691
  ],
  "hamilton school district": [
    43.9222491,
    -91.1060036
  ],
  "heritage christian schools": [
    43.018643,
    -88.0476792
  ],
  "hmong american peace academy": [
    43.1024482,
    -88.0185826
  ],
  "holy hill area school district": [
    43.2444487,
    -88.32704
  ],
  "hortonville area school district": [
    44.3350374,
    -88.639343
  ],
  "howard-suamico school district": [
    44.5842757,
    -88.0253874
  ],
  "hudson school district": [
    44.9750953,
    -92.7554671
  ],
  "indian community school, inc.": null,
  "johnson creek school district": [
    43.0700694,
    -88.7859681
  ],
  "kaukauna area school district": [
    44.2780432,
    -88.2720503
  ],
  "kewaunee school district": [
    44.521282,
    -87.6301086
  ],
  "kiel": [
    43.912493,
    -88.0356515
  ],
  "kimberly area school district": [
    44.2717086,
    -88.3400807
  ],
  "lac du flambeau #1": [
    45.9702769,
    -89.8928015
  ],
  "lake country classical academy": null,
  "lake country school district": [
    43.1029333,
    -88.354607
  ],
  "lake geneva schools": [
    42.571693,
    -88.4152537
  ],
  "lena": [
    44.9510985,
    -88.0469998
  ],
  "little chute area school district": [
    44.2799872,
    -88.3184394
  ],
  "luxemburg-casco school district": [
    44.548052,
    -87.7056351
  ],
  "madison country day school": [
    43.1633642,
    -89.3867593
  ],
  "manitowoc public school district": [
    44.0998341,
    -87.827992
  ],
  "maple dale-indian hill school district": null,
  "markesan": [
    43.7073195,
    -88.9900685
  ],
  "marquette university high school": [
    43.0379584,
    -87.9558448
  ],
  "medford area public school district": [
    45.1391437,
    -90.3460806
  ],
  "mequon-thiensville school district": [
    43.2396327,
    -87.9859619
  ],
  "merton community school district": [
    43.1541501,
    -88.3695085
  ],
  "mmsd:black hawk": null,
  "mmsd:crestwood": [
    43.0763026,
    -89.4820007
  ],
  "mmsd:doyle": [
    43.07063,
    -89.3950391
  ],
  "mmsd:gompers": [
    43.1467126,
    -89.3697456
  ],
  "mmsd:hawthorne": [
    43.1120346,
    -89.3282322
  ],
  "mmsd:henderson": [
    43.057534,
    -89.3120861
  ],
  "mmsd:kennedy": [
    43.0940072,
    -89.2973904
  ],
  "mmsd:la follette": [
    43.0641796,
    -89.3199528
  ],
  "mmsd:midvale": [
    43.0573476,
    -89.4501056
  ],
  "mmsd:muir": [
    43.0684477,
    -89.4944267
  ],
  "mmsd:sherman": [
    43.1177357,
    -89.3621885
  ],
  "mmsd:shorewood": [
    43.079418,
    -89.4423102
  ],
  "mmsd:stephens": [
    43.0656506,
    -89.4802776
  ],
  "mmsd:whitehorse": null,
  "mmsd:wright": [
    43.0484371,
    -89.4002258
  ],
  "montello school district": [
    43.7918612,
    -89.3288187
  ],
  "mosinee school district": [
    44.7927669,
    -89.7030748
  ],
  "mukwonago area school district": [
    42.8666803,
    -88.3334274
  ],
  "national heritage academies": null,
  "nativity jesuit academy": null,
  "necedah area school district": [
    44.0254284,
    -90.07213
  ],
  "neenah joint school district": [
    44.1837802,
    -88.4634176
  ],
  "nekoosa school district": [
    44.3154564,
    -89.8918206
  ],
  "newman catholic schools": [
    44.97248,
    -89.6492298
  ],
  "north wisconsin district lcms": null,
  "northern ozaukee school district": null,
  "norway j7 school district/drought school": null,
  "oak creek-franklin joint school district": [
    42.9054721,
    -87.9265921
  ],
  "oconomowoc area school district": [
    43.1116731,
    -88.4992659
  ],
  "oconto falls public schools": [
    44.8747779,
    -88.1432681
  ],
  "oconto unified school district": [
    44.9988053,
    -88.2480072
  ],
  "open wings learning community": null,
  "osceola school district": [
    45.310284,
    -92.6814452
  ],
  "palmyra-eagle area school district": [
    42.8740009,
    -88.5928511
  ],
  "pewaukee school district": [
    43.0846017,
    -88.2139452
  ],
  "pittsville school district": [
    44.4393732,
    -90.1275138
  ],
  "plymouth joint school district": [
    43.7486054,
    -87.977038
  ],
  "port washington-saukville school district": null,
  "prairie du chien area school district": [
    43.05194,
    -91.1409933
  ],
  "prairie farm": [
    45.237184,
    -91.9815675
  ],
  "providence academy": [
    43.8386569,
    -91.2457452
  ],
  "randall consolidated joint district #1": null,
  "regis catholic schools": null,
  "rice lake area school district": [
    45.5027926,
    -91.733423
  ],
  "richland school district": [
    43.3662526,
    -90.4557081
  ],
  "ripon area school district": [
    43.8442406,
    -88.8387158
  ],
  "rural virtual academy": null,
  "sauk prairie school district": [
    43.2981475,
    -89.7565455
  ],
  "school district of abbotsford": [
    44.9471087,
    -90.3194786
  ],
  "school district of alma center": [
    44.4371047,
    -90.9126506
  ],
  "school district of altoona": [
    44.8046825,
    -91.4429355
  ],